sourceSha,condition,repetition,status,warmups,workers,shards,inventoryDigest,planMs,setupWallMs,setupAggregateMs,testWallMs,testAggregateMs,mergeMs,criticalPathMs,schedulingSkewMs,coordinationWaitMs,wallMs,aggregateRunnerMs
9361d9fa9515ae9c173f644b993472133032e85e,distributed-2x1,1,PASS,1,1,2,6a98e55fa4320176262c4e387a75bfb5cf856bc7ee1574fdf01c5259785d0f22,2913,46782,99947,18997,26155,1359,20356,96974,345274,518748,161407
9361d9fa9515ae9c173f644b993472133032e85e,distributed-2x1,2,PASS,1,1,2,6a98e55fa4320176262c4e387a75bfb5cf856bc7ee1574fdf01c5259785d0f22,2913,52407,106897,14476,22050,1548,16024,243174,211770,528806,161843
9361d9fa9515ae9c173f644b993472133032e85e,distributed-2x1,3,PASS,1,1,2,6a98e55fa4320176262c4e387a75bfb5cf856bc7ee1574fdf01c5259785d0f22,2913,54555,112015,17994,25321,1531,19525,161094,201309,447993,174476
9361d9fa9515ae9c173f644b993472133032e85e,distributed-2x1,4,PASS,1,1,2,6a98e55fa4320176262c4e387a75bfb5cf856bc7ee1574fdf01c5259785d0f22,2913,50400,104794,18739,26131,1415,20154,90291,220206,388555,169137
9361d9fa9515ae9c173f644b993472133032e85e,distributed-2x1,5,PASS,1,1,2,6a98e55fa4320176262c4e387a75bfb5cf856bc7ee1574fdf01c5259785d0f22,2913,51377,103568,20449,27885,1383,21832,129122,175191,381272,168268
9361d9fa9515ae9c173f644b993472133032e85e,distributed-4x1,1,PASS,1,1,4,6a98e55fa4320176262c4e387a75bfb5cf856bc7ee1574fdf01c5259785d0f22,5775,87096,239227,11635,31919,1455,13090,167697,280598,516133,317876
9361d9fa9515ae9c173f644b993472133032e85e,distributed-4x1,2,PASS,1,1,4,6a98e55fa4320176262c4e387a75bfb5cf856bc7ee1574fdf01c5259785d0f22,5775,59854,217920,11611,32525,1196,12807,202054,239723,528019,296855
9361d9fa9515ae9c173f644b993472133032e85e,distributed-4x1,3,PASS,1,1,4,6a98e55fa4320176262c4e387a75bfb5cf856bc7ee1574fdf01c5259785d0f22,5775,68270,235763,25740,47513,1614,27354,193729,208144,473882,330450
9361d9fa9515ae9c173f644b993472133032e85e,distributed-4x1,4,PASS,1,1,4,6a98e55fa4320176262c4e387a75bfb5cf856bc7ee1574fdf01c5259785d0f22,5775,86397,281247,11659,32064,1468,13127,196287,226890,515660,368047
9361d9fa9515ae9c173f644b993472133032e85e,distributed-4x1,5,PASS,1,1,4,6a98e55fa4320176262c4e387a75bfb5cf856bc7ee1574fdf01c5259785d0f22,5775,98493,265159,11970,34190,1470,13440,101874,143291,327103,353081
9361d9fa9515ae9c173f644b993472133032e85e,local-2x1,1,PASS,1,2,1,6a98e55fa4320176262c4e387a75bfb5cf856bc7ee1574fdf01c5259785d0f22,1867,44787,52613,34714,34714,1088,35802,0,220280,328110,115656
9361d9fa9515ae9c173f644b993472133032e85e,local-2x1,2,PASS,1,2,1,6a98e55fa4320176262c4e387a75bfb5cf856bc7ee1574fdf01c5259785d0f22,1867,59603,67981,19543,19543,1360,20903,0,191367,301255,118266
9361d9fa9515ae9c173f644b993472133032e85e,local-2x1,3,PASS,1,2,1,6a98e55fa4320176262c4e387a75bfb5cf856bc7ee1574fdf01c5259785d0f22,1867,66994,72483,20802,20802,811,21613,0,302593,420380,123276
9361d9fa9515ae9c173f644b993472133032e85e,local-2x1,4,PASS,1,2,1,6a98e55fa4320176262c4e387a75bfb5cf856bc7ee1574fdf01c5259785d0f22,1867,45886,54367,19480,19480,1349,20829,0,312145,404810,101146
9361d9fa9515ae9c173f644b993472133032e85e,local-2x1,5,PASS,1,2,1,6a98e55fa4320176262c4e387a75bfb5cf856bc7ee1574fdf01c5259785d0f22,1867,50566,60963,16134,16134,1062,17196,0,181092,273022,102327
9361d9fa9515ae9c173f644b993472133032e85e,local-4x1,1,PASS,1,4,1,6a98e55fa4320176262c4e387a75bfb5cf856bc7ee1574fdf01c5259785d0f22,1459,146188,154691,18123,18123,1256,19379,0,89527,301878,220854
9361d9fa9515ae9c173f644b993472133032e85e,local-4x1,2,PASS,1,4,1,6a98e55fa4320176262c4e387a75bfb5cf856bc7ee1574fdf01c5259785d0f22,1459,56132,65099,25331,25331,1377,26708,0,106053,217843,120757
9361d9fa9515ae9c173f644b993472133032e85e,local-4x1,3,PASS,1,4,1,6a98e55fa4320176262c4e387a75bfb5cf856bc7ee1574fdf01c5259785d0f22,1459,50138,58594,23587,23587,1391,24978,0,234363,339293,113386
9361d9fa9515ae9c173f644b993472133032e85e,local-4x1,4,PASS,1,4,1,6a98e55fa4320176262c4e387a75bfb5cf856bc7ee1574fdf01c5259785d0f22,1459,54995,63459,24057,24057,1439,25496,0,341882,453919,120501
9361d9fa9515ae9c173f644b993472133032e85e,local-4x1,5,PASS,1,4,1,6a98e55fa4320176262c4e387a75bfb5cf856bc7ee1574fdf01c5259785d0f22,1459,51219,58646,24984,24984,1364,26348,0,218756,327737,116408
9361d9fa9515ae9c173f644b993472133032e85e,serial-1x1,1,PASS,1,1,1,6a98e55fa4320176262c4e387a75bfb5cf856bc7ee1574fdf01c5259785d0f22,1937,59151,66844,15970,15970,1550,17520,0,419669,523237,111261
9361d9fa9515ae9c173f644b993472133032e85e,serial-1x1,2,PASS,1,1,1,6a98e55fa4320176262c4e387a75bfb5cf856bc7ee1574fdf01c5259785d0f22,1937,59343,67570,21483,21483,1074,22557,0,386063,511027,133191
9361d9fa9515ae9c173f644b993472133032e85e,serial-1x1,3,PASS,1,1,1,6a98e55fa4320176262c4e387a75bfb5cf856bc7ee1574fdf01c5259785d0f22,1937,73454,79605,24849,24849,869,25718,0,294661,428111,139601
9361d9fa9515ae9c173f644b993472133032e85e,serial-1x1,4,PASS,1,1,1,6a98e55fa4320176262c4e387a75bfb5cf856bc7ee1574fdf01c5259785d0f22,1937,60846,67724,22449,22449,1027,23476,0,170556,283559,119881
9361d9fa9515ae9c173f644b993472133032e85e,serial-1x1,5,PASS,1,1,1,6a98e55fa4320176262c4e387a75bfb5cf856bc7ee1574fdf01c5259785d0f22,1937,125579,134894,23806,23806,1179,24985,0,21646,206813,194482
