condition,repetition,workers,runMs,mergeMs,criticalPathMs,applicationReadiness,applicationShutdown,testWindow,forgeqaFinalization,allReportersFinalization,observedPhaseUnionMs,unattributedCliMs,attemptWorkMs
serial-1x1,1,1,23203.722431000002,1211.3861069999984,24415.108538,187.138637,6.905314999999973,20339.815609,8.271855999999389,106.9948480000021,20640.854409000003,2562.8680219999987,15855
local-2x1,1,2,19113.622923000003,1203.3446799999947,20316.967602999997,104.210852,9.000661999998556,16130.933040999998,8.45233399999779,108.60680599999978,16352.751360999997,2760.8715620000057,21773
local-4x1,1,4,23530.031990999996,1205.358612000011,24735.390603000007,187.583873,9.774094000000332,19881.56287,9.354233999998542,107.69882599999983,20186.619663,3343.412327999995,41542
local-2x1,2,2,19069.290238999994,1198.2540559999761,20267.54429499997,108.46405999999999,9.263139000002411,16077.796471,7.749299999999494,110.86395999999877,16306.387630000001,2762.9026089999934,21751
local-4x1,2,4,23367.071334999986,1216.288109999965,24583.35944499995,194.82005399999997,5.929265000002488,19797.44172,8.882080999999744,115.48067599999922,20113.671715,3253.3996199999856,39577
serial-1x1,2,1,22418.09482300002,1160.065991999989,23578.16081500001,108.48235400000002,7.433249000001524,19608.451979999998,8.238033000001451,104.51058499999999,19828.878168,2589.216655000022,15234
local-4x1,3,4,23229.901928999985,1173.0357949999743,24402.93772399996,186.923136,7.0949820000023465,19636.002514,8.572531000001618,112.10222799999974,19942.122860000003,3287.779068999982,37436
serial-1x1,3,1,22386.476280000003,1190.8642269999837,23577.340506999986,191.85781200000002,7.548005000000558,19582.019615,7.531256999998732,110.49748000000181,19891.922912,2494.553368000001,15228
local-2x1,3,2,18794.054787,1204.4612370000104,19998.51602400001,190.73661600000003,6.65748899999744,15856.910485,7.435294999999314,102.9837179999995,16157.288307999997,2636.7664790000035,21373
serial-1x1,4,1,22399.241570999962,1207.469638999959,23606.71120999992,105.589986,7.897302000001218,19582.580604,7.913556999999855,108.48204500000065,19804.549937,2594.6916339999625,15244
local-2x1,4,2,18766.542006999953,1183.6370249999454,19950.179031999898,107.93281800000001,8.711856000001717,15862.368505999999,8.957214999998541,108.68952199999694,16087.702701999997,2678.839304999956,21403
local-4x1,4,4,23695.07545699994,1198.520831999951,24893.596288999892,107.059555,9.201948999998422,20054.863067,8.810222000000067,109.85611699999936,20280.980687999996,3414.094768999945,39530
local-2x1,5,2,19092.59768799995,1200.5284789999714,20293.126166999922,107.73749199999999,6.825984000002791,16097.749736000002,8.650817000001553,119.77615100000185,16332.089363000006,2760.5083249999443,21848
local-4x1,5,4,23562.525007000077,1193.0330019999528,24755.55800900003,113.02218799999999,7.531182999999146,19914.931092,8.51344699999754,115.97393699999884,20151.458399999996,3411.0666070000807,41280
serial-1x1,5,1,22290.71316199994,1197.9378399999114,23488.651001999853,105.412996,7.362285999999585,19503.495241,8.245073999998567,106.59903699999995,19722.86956,2567.8436019999426,15130
