condition,repetition,shard,runId,cliRunMs,applicationReadiness,testWindow,forgeqaFinalization,allReportersFinalization,applicationShutdown,observedPhaseUnionMs,unattributedCliMs,attemptWorkMs
distributed-2x1,1,1,37dad115-66d8-4b5e-8ba8-46d6ead9ce25,7714,195.457809,4668.199683999999,1.9552349999994476,43.930609000000004,8.829391999999643,4916.417493999998,2797.5825060000016,3328
distributed-2x1,1,2,37dad115-66d8-4b5e-8ba8-46d6ead9ce25,18580,193.633919,15548.609689,2.0678809999990335,73.42931500000122,7.682040000003326,15823.354963000005,2756.6450369999948,12139
distributed-2x1,2,1,f740aa20-5ddb-4804-afc3-b6df8ea0d24e,5782,90.882014,3679.444324,1.4407490000003236,26.166447999999946,5.060146000000714,3801.5529320000005,1980.4470679999995,2770
distributed-2x1,2,2,f740aa20-5ddb-4804-afc3-b6df8ea0d24e,20641,194.85747199999997,17569.284911,1.9188560000002326,71.65715900000214,8.749024000000645,17844.548566,2796.4514339999987,14036
distributed-2x1,3,1,35dec8a9-91ec-40b1-ad83-a4c7a4873f15,7919,203.94513700000002,4816.10846,2.0203059999994366,43.985875000000306,9.380992999999762,5073.420465,2845.579535,3457
distributed-2x1,3,2,35dec8a9-91ec-40b1-ad83-a4c7a4873f15,18586,94.306361,16270.609129000002,1.7042450000008103,143.5357409999997,6.630710000001272,16515.081941000004,2070.918058999996,13551
distributed-2x1,4,1,ebf8b7c7-2c51-42b6-a1cc-84bed0d9451f,6308,97.726961,3904.1926999999996,1.5510430000003907,31.222835000000487,7.770422999999937,4040.912919,2267.087081,2891
distributed-2x1,4,2,ebf8b7c7-2c51-42b6-a1cc-84bed0d9451f,15383,98.13601000000001,13147.334056,1.5147809999998572,47.196632999999565,8.562760000000708,13301.229459,2081.770541,10634
distributed-2x1,5,1,4ccb3a40-aeac-4c09-8024-93b6bb5151f6,7818,193.31147199999998,4781.939214999999,2.0021140000008018,46.112552000000505,8.57785899999999,5029.941098,2788.0589019999998,3445
distributed-2x1,5,2,4ccb3a40-aeac-4c09-8024-93b6bb5151f6,17820,187.84485800000002,15150.950569999999,1.8436350000010862,67.77100799999971,6.263358000000153,15412.829794,2407.1702060000007,12070
distributed-4x1,1,1,39b31cff-608f-44ff-ae34-8ec9bfba4117,4338,111.96537000000001,1357.6760879999997,1.9386039999999412,26.932150999999976,8.806472000000213,1505.3800809999998,2832.619919,1271
distributed-4x1,1,2,39b31cff-608f-44ff-ae34-8ec9bfba4117,6892,197.014996,3761.8718820000004,2.0757729999995718,29.646480999999767,14.678310000000238,4003.2116690000003,2888.7883309999997,2466
distributed-4x1,1,3,39b31cff-608f-44ff-ae34-8ec9bfba4117,11406,190.92999500000002,8106.61377,1.81764000000112,35.85656100000051,6.4602409999988595,8339.860567,3066.1394330000003,6553
distributed-4x1,1,4,39b31cff-608f-44ff-ae34-8ec9bfba4117,11629,187.39160299999998,8858.827851999999,1.8452159999997093,35.01416000000063,6.773823999999877,9088.007438999999,2540.992561000001,6783
distributed-4x1,2,1,2c397254-741a-47c5-a807-44e26e21faec,3686,98.63618799999999,1269.613207,1.493478000000323,18.22328400000015,7.925509000000147,1394.3981880000003,2291.601812,1206
distributed-4x1,2,2,2c397254-741a-47c5-a807-44e26e21faec,6650,194.69385599999998,3705.5868929999997,1.9025769999998374,26.374394999999822,7.470957000000453,3934.126101,2715.873899,2461
distributed-4x1,2,3,2c397254-741a-47c5-a807-44e26e21faec,10162,98.374754,7186.998716000001,4.074839999999313,55.28341899999941,8.015873000000283,7348.672762000001,2813.327237999999,5889
distributed-4x1,2,4,2c397254-741a-47c5-a807-44e26e21faec,11844,110.167712,8846.515082,1.7977850000006583,31.25500800000009,8.045432000000801,8995.983234000001,2848.016765999999,6661
distributed-4x1,3,1,dfb8a348-25f4-4c91-8e36-38d3bdaa1039,4293,195.37131499999998,1296.689726,1.9735969999996996,22.57497400000011,8.909451999999874,1523.545467,2769.454533,1224
distributed-4x1,3,2,dfb8a348-25f4-4c91-8e36-38d3bdaa1039,7128,194.82018,3931.675008,2.177958000000217,27.299087000000327,9.520504000000074,4163.314779,2964.6852209999997,2572
distributed-4x1,3,3,dfb8a348-25f4-4c91-8e36-38d3bdaa1039,9901,102.842949,7024.675708000001,1.61319100000037,33.788031000000046,9.404319999999643,7170.711008,2730.288992,5725
distributed-4x1,3,4,dfb8a348-25f4-4c91-8e36-38d3bdaa1039,11860,109.50357,8849.542142,1.8915689999994356,32.09621700000025,9.377582999999504,9000.519512,2859.4804879999992,6620
distributed-4x1,4,1,f3654693-b409-4455-9402-5a78510b1992,4360,196.94282800000002,1272.128724,2.0584460000000036,26.931426999999985,9.13924599999973,1505.1422249999996,2854.8577750000004,1193
distributed-4x1,4,2,f3654693-b409-4455-9402-5a78510b1992,4390,90.09078000000001,2681.04114,1.5080490000000282,16.8908449999999,7.855300999999599,2795.8780659999993,1594.1219340000007,1929
distributed-4x1,4,3,f3654693-b409-4455-9402-5a78510b1992,12534,194.98085000000003,8888.591835,2.19256200000018,39.66085600000042,9.764510999999402,9132.998051999999,3401.001948000001,7094
distributed-4x1,4,4,f3654693-b409-4455-9402-5a78510b1992,11511,189.43066700000003,8486.826384,1.9623439999995753,32.55275799999981,7.613696999998865,8716.423506,2794.576494000001,6284
distributed-4x1,5,1,82e57a15-8547-4965-8487-1258f9e0a9e3,4252,190.272918,1388.142618,1.7887800000003153,23.703915000000052,6.502706000000217,1608.6221570000002,2643.3778429999998,1303
distributed-4x1,5,2,82e57a15-8547-4965-8487-1258f9e0a9e3,4352,87.86366299999999,2617.414588,1.3899860000001354,17.117213999999876,7.790775999999823,2730.186241,1621.8137590000001,1840
distributed-4x1,5,3,82e57a15-8547-4965-8487-1258f9e0a9e3,12199,195.87827600000003,8574.483391,3.3854260000007343,47.04034800000045,10.84409499999856,8828.246109999998,3370.753890000002,6873
distributed-4x1,5,4,82e57a15-8547-4965-8487-1258f9e0a9e3,12069,190.085265,9057.73317,2.024091999999655,32.74116199999844,8.664185999999972,9289.223782999998,2779.7762170000024,6809
local-2x1,1,1,fe7f9fd2-ac26-4b68-830e-bd3b2790f12c,19040,98.94496099999999,16386.128346,7.975074000001769,82.06266200000027,11.103508999996848,16578.239478,2461.7605220000005,23236
local-2x1,2,1,19bb66fb-abad-4852-8fc0-6f205e4e3d69,21320,199.311239,17936.569049,9.966298999999708,131.31397199999992,11.739697000000888,18278.933957,3041.066042999999,23850
local-2x1,3,1,9a7e3880-e1b6-4352-9d4b-32ba24524da3,16733,182.45188000000002,14106.829864,6.44208400000025,102.85896800000046,6.50707599999987,14398.647788,2334.352212,19043
local-2x1,4,1,e7450bff-95e7-450e-8147-6c0503235d9c,16310,99.11108899999999,13733.270252,7.008748000000196,80.52176300000065,7.940549999999348,13920.843654,2389.1563459999998,17723
local-2x1,5,1,b96a8ddf-8abb-4744-b85d-22fbb75369ae,16971,95.09689999999999,14685.198135,6.884974000000511,115.08782699999938,7.864878000000317,14903.24774,2067.7522599999993,21395
local-4x1,1,1,70dcdfd1-ec58-40d2-91e4-5c4c1d10bad2,26159,193.305406,22201.911528999997,8.99713200000042,116.98301699999865,9.440293999999994,22521.640245999995,3637.3597540000046,43388
local-4x1,2,1,465a6532-f2c0-402a-bba7-9e88899b2f1d,20913,101.06039399999999,17778.603995,7.133213999997679,86.89966999999888,9.713811999998143,17976.277871,2936.7221290000016,39249
local-4x1,3,1,9b9fd074-825a-4586-8d85-9d1cd316e65b,24157,183.93707700000002,20537.167959,8.6287450000018,101.95776599999954,6.839734999997745,20829.902536999994,3327.0974630000055,40769
local-4x1,4,1,5a6e381b-a406-4898-a5fd-ea47d4c4a79c,26568,192.24029199999995,22639.763198999997,9.55046200000288,119.41867700000148,9.278497999999672,22960.700665999997,3607.299334000003,45753
local-4x1,5,1,74784c02-179c-43db-8487-5ab3c970a5ce,23402,189.71023399999999,19776.954418,8.786172000000079,117.65400800000134,7.66415699999925,20091.982817,3310.017183,40780
serial-1x1,1,1,24b6d1ae-1c4f-427f-bdb0-77a6c2f68ff2,23838,194.30374799999998,20659.558537,9.396759999999631,131.28931100000045,9.01890899999853,20994.170505,2843.8294950000018,15790
serial-1x1,2,1,19ec33ec-f3a6-42f5-aabb-2ccdcc7e1446,17805,90.07864000000001,16051.832398999999,5.33032699999967,66.99306199999774,8.018330999999307,16216.922431999996,1588.0775680000042,13009
serial-1x1,3,1,7152afb4-f766-41d8-9075-58c4d868bb1b,23724,116.99123399999999,20562.271635,9.346376000001328,128.07934600000226,9.221064000001206,20816.563279000005,2907.4367209999946,15711
serial-1x1,4,1,c0d59356-5f42-46d8-82ea-19729cb1bf34,26914,192.97296,23945.315654,8.913103000002593,119.13825500000166,8.085258999999496,24265.512128000002,2648.487871999998,19393
serial-1x1,5,1,2011ed4a-3ab4-4562-93b5-e8ee157f593c,23373,112.167033,20264.397686,8.93765600000188,115.8911220000009,8.099636999999348,20500.555478000002,2872.444521999998,15438
